Date,Seoul_predicted,Incheon_predicted,Daejeon_predicted,Jeollabuk-do_predicted,Jeollanam-do_predicted,Gyeongsangnam-do_predicted,Jeju_predicted
2020-11-01,115872.47560387656,33196.416645845435,18794.655086056406,17941.219741724286,20106.084440062867,31646.670825779027,8411.189249594005
2020-12-01,121991.96058564092,30940.572139202577,21207.31995228166,20640.907323066443,20783.176282595,37082.39913511515,10323.194664085542
2021-01-01,129912.96498663712,28263.145255677628,20220.161721916393,20408.149563150826,18750.941138664497,37109.107423326495,8976.116496462593
2021-02-01,136941.95392766243,32341.923431405346,19426.05621687632,21124.130198713763,18274.495876720495,36455.88663863218,8218.359060295197
2021-03-01,139555.21885351816,35393.440999743354,19490.72398641137,20886.511394845016,19317.01893617306,35995.00707889097,8484.327122732026
2021-04-01,116911.87745861625,31160.971537968795,16731.931381188046,16851.936079035884,17692.694800080728,30628.338552220954,7352.937288080019
2021-05-01,123296.27075615825,36199.26515732408,19477.64114970182,18798.40611368787,18688.677369885765,33418.192616938286,8519.134563562646
2021-06-01,127388.68191960183,37840.77346787688,19662.586616811546,18966.797529872427,18577.40720357583,33066.026243821994,8401.314629477685
2021-07-01,116313.27899653435,34848.98995005408,16949.06172432064,17946.769151909848,17864.469679695918,29573.698147775787,6963.37804693077
2021-08-01,126276.27538737078,38374.61579857523,18114.881237585403,19456.83881664531,17814.627553856255,31841.7627250973,7111.87959757463
2021-09-01,123597.9685656919,38432.763461441544,17157.886639643442,18704.564335445335,16668.042167951677,29605.452904214937,6260.969376812241
2021-10-01,120732.0027094704,38111.22316386136,16993.55081639244,20324.401039168308,20091.223523566834,31056.781833693924,6278.167803881472
2021-11-01,119687.167714476,36615.11534594147,18653.65861029661,20411.27933221207,20828.330213461944,34405.87633475335,8431.033993755229
2021-12-01,122007.84210213483,33984.90948048678,20298.75306961836,20211.016381436777,19897.665802223637,34832.43292952012,9581.185225666351
2022-01-01,135495.7497363855,35495.48034398361,21606.077042919806,22864.169787934807,21849.741107189453,37683.83241105493,9355.864337846244
2022-02-01,129225.3930736349,33995.45803290831,19509.51601499641,20996.40169615787,19749.1060305832,35190.82368218494,8224.074922697906
2022-03-01,122892.355450698,33257.53183368222,18371.351508048134,19722.942216175976,18953.25567590695,33032.40115361525,7715.353998790642
2022-04-01,123053.32921874891,33678.3282949582,18763.842233644726,20127.99910236458,19862.823266813604,34273.69558076798,7872.3134781878925
2022-05-01,120471.552271566,33196.45169675949,18644.421258144463,19233.90434583988,18936.55778226472,33033.580637273095,7731.595428251292
2022-06-01,129613.08880076057,35522.86466207354,19991.847677182588,20507.233640107144,20317.854617216904,34550.141065242235,8089.636439173854
2022-07-01,129074.28474117469,35020.97039050725,19618.986961332947,20047.1712489054,19489.376345404886,34189.76001621609,7874.749678851597
2022-08-01,125786.15143575973,34934.34591496117,18409.295303218918,18415.058903876255,17002.22034022485,31670.38319078379,6953.675650227053
2022-09-01,132032.06071855858,38417.82640701473,18934.715800743103,19876.544662748576,18224.95704985369,32857.73219790518,6639.137574343509
2022-10-01,123543.19190173033,36932.53056963147,18195.60584602122,20192.462782597082,19344.143151412947,32664.371053516224,6602.66306742383
2022-11-01,116302.62998239641,34766.747012930326,18157.26819774994,19815.942464128326,19516.616816657377,32958.78816735096,7592.224818092677
2022-12-01,129274.94490377369,36707.88326560069,20511.217038942108,21786.80135071977,20708.195843796253,36470.51538965292,8990.919135357206
2023-01-01,136195.2670611813,37319.085033589814,20873.778370647175,22768.562912240737,21216.02099916596,36970.249338308524,8716.798138224602
2023-02-01,131430.7601366216,36891.345072523094,19538.96685005406,21807.921728649235,20801.106891992356,35793.431468318675,7996.093159710401
2023-03-01,127129.10902573733,36384.54919841628,19016.179095971365,20659.79168352722,19853.79124513935,35442.08783137395,7996.040527746908
2023-04-01,123713.57777855257,35046.31099108486,18814.115487752104,20050.453905070877,19286.86308325937,34535.265488416895,7761.730314681339
2023-05-01,124207.3054862597,35248.0925309543,19147.41972942895,20562.455728920344,20087.217739443426,34875.339059134174,7701.5327865408
2023-06-01,124989.11587713519,35235.375795371234,19276.49858403639,20554.79798332802,20102.25952649356,35071.437816739955,7866.010553120993
2023-07-01,125319.27989099587,34682.632914831884,18825.623602866355,19844.275335008457,19048.921710802773,34091.94958158136,7544.213749077528
2023-08-01,129646.7616718822,36155.8069497945,18817.070674388615,19834.65380027632,18507.50583044162,33940.3948522994,7073.085259779855
2023-09-01,129170.91197378901,37308.10736519331,18629.372521057296,19963.63010825583,18730.898281084912,33643.57659994469,6770.757726734233
2023-10-01,123356.13592492172,36497.76766244738,18405.27112137,20105.76217589958,19820.18704939902,33766.35383693474,7017.625917449201
2023-11-01,122582.88942558547,35716.361871459994,19150.99663133662,20605.900681099196,20322.851905771444,35087.67203602553,8008.977246359465
2023-12-01,130104.22559940079,36645.764049888814,20346.840424999224,21755.03813701897,20578.318058822035,36509.119409690065,8706.417866076536
2024-01-01,136011.9892292307,38027.80388130405,20486.575455343373,22819.658720224732,21494.41732213041,37279.044501677774,8503.665524365013
2024-02-01,132392.1965731398,37633.85897721952,19443.169508286326,22183.213207494733,21064.0924627334,36603.73185511377,8082.882305784485
2024-03-01,128439.34275731954,36930.13686135939,18958.455884716812,21174.32172689458,20036.010941172368,35809.08123086335,7983.858228942536
2024-04-01,128256.15932079309,36912.05117576208,19252.769329582807,21209.71001823426,20225.076742521534,35937.702099237664,8010.294510464968
2024-05-01,126197.40284883711,36374.25041185538,19241.747093102906,21146.08470000841,20444.656350544734,35726.666899562646,8019.859396690193
2024-06-01,124974.3239212162,35705.550936286054,19084.520946670706,20695.42964675465,20023.729163765638,35269.74659924015,8019.244093644106
2024-07-01,126443.70876810706,35630.33424679245,18892.9538198657,20316.893477847578,19157.655019173635,34727.968200100986,7730.524460638893
2024-08-01,127371.42436327558,36181.41225713566,18444.38499546531,20008.07006474043,18491.829954660963,33883.999882604156,7137.052909403768
2024-09-01,125791.7187359306,36696.74152832826,18128.01271444703,20016.61981727563,18965.866774386755,33673.111764409376,6884.752231865856
2024-10-01,122651.85942058043,36134.598454914776,18306.97998471573,20218.735500237894,19758.785014463378,34288.06566559576,7348.232694640936
2024-11-01,123824.49687186228,35743.84162691856,19088.345650858297,20664.741695037766,20101.26417634842,35347.33739330105,8141.463354610896
2024-12-01,130856.29777766607,36860.34344721935,20035.986104481122,21718.226687270115,20687.932288780074,36701.662067656216,8632.403347723328
2025-01-01,134298.45205230225,37695.99214853405,20023.439758696695,22296.4838139736,21102.573227615707,37119.207357371226,8524.989042546138
2025-02-01,131127.75506465725,37317.239244847544,19211.637427915568,21717.83947313888,20612.062232538698,36402.16154707971,8188.653363633784
2025-03-01,128836.25513549022,37174.471847778426,18908.11961915681,21260.41880831533,20115.862281566056,36054.623409542255,8095.140303160171
2025-04-01,128298.69907597653,37247.239678682956,19041.856270175133,21337.39298684734,20276.835125365506,36090.73122237179,8130.393048568751
2025-05-01,126608.47566116632,36834.36460508984,19004.23624732099,21259.381721064387,20489.033164267166,35888.875107506276,8183.887120095133
2025-06-01,125955.3718083527,36394.999060926195,18919.017221616752,20895.96075151525,20047.433611335124,35542.52492398178,8215.651367287479
2025-07-01,126967.82202892337,36393.53261825984,18702.668637754326,20456.83819309187,19178.977728790393,34820.18832207801,7896.860044291206
2025-08-01,126876.12397491213,36743.1932637982,18277.315837561633,20185.397755077145,18815.178626007728,34034.62225467278,7361.363068965697
2025-09-01,123938.77281756324,36640.18815752468,17941.868604200117,20038.228940652156,19073.91830729424,33764.890430010026,7205.516506867197
2025-10-01,121353.27878959439,35941.739829579594,18098.77738095333,20069.713197703848,19466.473070410728,34149.323634255015,7598.16943047811
2025-11-01,124026.33256894346,35917.61480510649,18873.939616658197,20692.12320895501,19955.70907784709,35232.46053680904,8211.042517398371
2025-12-01,129391.96746670942,36672.43734794551,19542.95566874242,21522.501149666135,20478.970911882156,36245.289561045145,8557.217592171706
2026-01-01,131235.43819694693,37057.599171881244,19440.06941489258,21730.898721780177,20653.840503381063,36391.29687633074,8490.32567297604
2026-02-01,129783.2103662091,36954.549582669744,19016.916541288152,21378.85825823713,20330.278996969522,36075.015454596956,8320.255982874527
2026-03-01,128475.33882470835,36938.981548605596,18869.141160342293,21123.16882190326,20028.51184083036,35867.17810062378,8246.308931124931
2026-04-01,127578.11186515793,36960.23933183041,18909.634296749024,21174.11726050206,20217.979986017068,35844.23489454939,8263.477235530652
2026-05-01,126312.92827221593,36656.23451801026,18878.338363261886,21109.1789460279,20311.84942592233,35732.63894800562,8346.803216735789
2026-06-01,126127.89964086725,36370.635065111994,18769.03439705602,20780.148627997427,19796.02299289491,35297.57034506731,8305.442997932285
2026-07-01,127198.8992138954,36623.46129915105,18567.356072729628,20500.425213596707,19194.798977419145,34668.46128598768,7969.8192256389575
2026-08-01,126322.01687910853,36872.07770560292,18162.688945477315,20232.05213235837,18957.887428755155,34005.47383144827,7544.538603452298
2026-09-01,123070.18577585217,36509.07746374745,17852.558101466268,19946.83953100295,19031.884321879705,33665.379703292136,7450.627350664192
2026-10-01,121716.92190328287,36031.08383844491,18113.93530333587,20044.63351690489,19323.576681474085,34082.39154525551,7800.4788960786755
2026-11-01,124190.36069268137,36071.29977336647,18743.65434426888,20601.04092561161,19741.95587928303,34931.32679947593,8245.558494417397
2026-12-01,127601.1801238548,36466.781032594154,19123.369225224113,21158.935029427226,20149.458363906957,35561.58359640629,8453.289946380857
2027-01-01,128801.0843283076,36653.46550889211,19037.029330206744,21270.480499333018,20237.924813342917,35699.13326536654,8425.90593443535
2027-02-01,128128.25181264445,36600.35866588603,18800.05282493828,21036.41728971175,19986.252381332175,35526.58178098683,8321.169536066984
2027-03-01,127479.97027988877,36667.60391028452,18751.999040726147,20942.7269120225,19928.27532366168,35482.8699134904,8277.425452480791
2027-04-01,126724.42454295579,36635.09518170777,18809.43267559654,20990.196843094935,20137.53192367628,35557.01109131986,8339.23984850052
2027-05-01,125863.36623847645,36329.06178153133,18804.951933448465,20873.128029026266,20085.452800896855,35429.67959473208,8420.315979386349
2027-06-01,126321.89989722395,36267.62434512876,18748.66282829775,20658.447729801817,19655.228468347803,35075.53935110243,8339.871577645252
2027-07-01,127014.86340850277,36561.74270019617,18522.323935038232,20439.378851903846,19205.18793828275,34502.11828187506,8006.043995489097
2027-08-01,125548.90576362182,36655.03496503008,18117.675773986197,20148.957237751452,19003.856869622243,33872.9638475597,7649.29445757113
2027-09-01,122940.09874460183,36339.85438609007,17920.401430130445,19927.84925889365,19041.27983106671,33649.45238853174,7613.222141124701
2027-10-01,122362.77962124051,36048.74968229908,18195.942245234903,20059.01883657671,19258.711839265205,34014.232981710025,7898.585995071693
2027-11-01,124493.67497669076,36151.54130313871,18686.008671368447,20534.63829124475,19644.44411103341,34668.143053700056,8219.530384523745
2027-12-01,126788.51523394798,36383.91416247263,18934.899179240292,20927.73847796261,19954.589644956628,35123.4514517378,8369.406563713406
2028-01-01,127428.48191225625,36422.07070432972,18851.14003326449,20947.488266748755,19933.947193295484,35179.89503112334,8348.042599833936
2028-02-01,127184.9017307469,36429.10211038581,18722.687318458717,20828.166488644845,19793.551341106373,35119.45032182164,8272.837285505817
2028-03-01,126729.52427868303,36471.43633883547,18713.99274971008,20821.795518905237,19858.540087998208,35172.75450023914,8255.903430137578
2028-04-01,125958.26746972461,36331.19042928219,18756.88227116222,20833.792589539164,20019.667132344803,35247.754473659326,8331.833663209005
2028-05-01,125694.66651976944,36116.71109859824,18799.98000545933,20746.652509646065,19937.62713038759,35196.311664212815,8409.390368191318
2028-06-01,126472.61975037298,36170.92312112522,18768.101610594607,20595.924171491,19584.688923097594,34910.38203118776,8308.078265287282
2028-07-01,126761.8176524158,36414.137898558736,18534.471892497553,20390.422553194952,19245.24448349797,34389.75064006797,7998.664821502022
2028-08-01,125168.73124216209,36422.54315622879,18188.89699257338,20111.545862604442,19073.073515409604,33870.09850215389,7720.99275393865
2028-09-01,123151.79713520082,36159.69579434734,18067.232667883272,19934.424760412578,19063.602610303,33704.55841105284,7709.361005592955
2028-10-01,123110.81429098072,36031.42666973678,18325.299076965337,20103.27817264534,19267.13420245384,34026.460157394176,7926.470401914161
2028-11-01,124843.2907641,36164.90077008226,18692.113891911446,20503.90824055849,19607.931310235796,34539.91061737215,8160.439726983029
2028-12-01,126372.50448367503,36301.31357358891,18844.69856450471,20766.2383841573,19814.27028528951,34850.946320705465,8268.099036407659
2029-01-01,126926.22741758391,36347.18149487693,18797.66793175221,20783.66267487899,19782.974700470953,34915.00880467107,8256.004727437276
2029-02-01,126882.55958329915,36397.34567030705,18736.098796241306,20744.7164075323,19730.844547195302,34929.51753321837,8207.131040664955
2029-03-01,126380.22349846964,36385.88387507898,18735.319924177762,20761.826390348324,19842.131431888436,35010.02252016607,8212.644479529246
2029-04-01,125741.04440496006,36212.89183810526,18782.782344107116,20767.785225320775,19963.301947399363,35107.121400385,8299.58212334464
2029-05-01,125835.17791670619,36063.25823788144,18840.256510218318,20709.002681341328,19860.49535157117,35084.60202549428,8358.31122858818
2029-06-01,126615.50331546032,36160.82614527164,18800.31496645654,20599.786986145125,19586.886240648608,34838.78637830085,8241.310775461068
2029-07-01,126566.54554241493,36329.37132234664,18571.895718479183,20405.03301363587,19328.732274691865,34392.14858020321,7974.324991021987
2029-08-01,125044.64152177496,36270.30166811657,18290.854095902236,20140.85287266423,19164.438554662214,33965.561660080406,7764.726612302982
2029-09-01,123643.61057173138,36083.60633643418,18238.10771584419,20019.322284022008,19152.150967164904,33866.18921240212,7768.667804438926
2029-10-01,123863.35220084558,36045.62097036931,18463.44856323714,20192.958206291027,19340.012007341764,34143.23196748606,7933.770042307828
2029-11-01,125158.73184151619,36154.02462634184,18722.92665956175,20499.238965161963,19607.96724334378,34521.062020382975,8102.545906195024
2029-12-01,126272.04711727849,36253.223015624404,18823.462336291184,20684.237969882015,19741.6741010397,34747.51934520102,8180.612525376113
2030-01-01,126797.87483015466,36327.43890367366,18800.955024325012,20716.673494031646,19718.85996598514,34818.789928080085,8171.321117377071
2030-02-01,126801.73414319409,36398.93036668196,18768.766196731667,20725.816397428818,19733.5859892684,34872.107707514195,8141.549916824531
2030-03-01,126326.38716602922,36365.02821337238,18779.20605956128,20758.475614984505,19863.67835726506,34981.084779874785,8172.039241640653
2030-04-01,125890.20430076169,36204.200571671616,18835.938110192885,20765.996063801525,19943.9522416847,35088.0938875938,8263.623074166146
2030-05-01,126202.23676851418,36123.80165998025,18893.465442919965,20733.93324386657,19846.035851202723,35079.575694383384,8302.09089203558
2030-06-01,126817.25773130861,36227.201954979726,18835.856359683963,20645.760427945264,19634.092353699736,34862.540259522844,8182.200862328296
2030-07-01,126472.39735514176,36312.615658809074,18614.670851667554,20451.761086082268,19417.40656768927,34469.20753128353,7957.645822721255
2030-08-01,125132.9618045602,36225.528544986664,18393.65779641555,20219.771206841884,19267.568593579323,34127.86351341344,7800.699550565163
2030-09-01,124187.51639765294,36099.300078405395,18381.00932361853,20143.796872091,19263.196392385285,34074.11055529733,7811.540022462143
2030-10-01,124469.41288740924,36093.67380536672,18562.075085910663,20296.321579627598,19427.703086525406,34295.8318273137,7936.17795182884
2030-11-01,125434.1552516429,36171.08125887481,18746.663559472912,20521.781068899694,19628.077408842844,34574.30534235924,8061.628855842135
2030-12-01,126293.25580057704,36250.37422828362,18817.567641363927,20652.284611069725,19707.03128486423,34740.34684862221,8118.443532933248
2031-01-01,126771.95457207851,36341.651197816245,18808.492160697657,20695.321717095932,19701.923901673712,34811.32365919002,8109.429134240225
2031-02-01,126757.59191726975,36411.27761627932,18791.868109414707,20730.45174958174,19758.94583339957,34887.270240178936,8097.179897123513
2031-03-01,126334.8127716464,36361.332518510055,18810.07198141797,20767.454650276864,19881.56928965049,35005.90672391155,8145.446275511382
2031-04-01,126130.914492474,36240.69974354179,18874.55694735708,20786.65495148283,19937.519013204743,35118.482707148265,8234.117028082837
2031-05-01,126562.21915377125,36220.1858907324,18924.845421346323,20777.827282484915,19857.512510566994,35118.862788010505,8256.584106265778
2031-06-01,126964.57706047998,36309.01478549398,18850.809974559554,20695.863604964994,19688.23132756439,34919.8623984319,8143.042449023506
2031-07-01,126458.36724650147,36339.26970928952,18649.197653610936,20509.87617887311,19500.634806879883,34580.223505774375,7960.291077853346
2031-08-01,125335.72611980677,36249.61173706404,18479.64630794339,20314.78065095751,19366.815680034146,34308.407330153954,7843.086683330888
2031-09-01,124675.99007683864,36161.72559137226,18483.598092422322,20267.844838328583,19369.32692906235,34273.93701774685,7853.914436771982
2031-10-01,124915.71735840527,36159.990088587205,18620.15517594488,20390.282983658075,19504.662391479025,34441.19431497522,7947.673129517964
2031-11-01,125622.54818107706,36206.373444360856,18749.04773204347,20548.664340332463,19642.25488320251,34638.74179849514,8040.799500087526
2031-12-01,126314.2477429875,36275.46078203254,18800.932107636523,20643.03076472282,19687.44555185669,34759.82884836683,8080.320106970079
2032-01-01,126719.83438314125,36368.34333117489,18799.08963916844,20690.663804991098,19701.12678898044,34828.22596528878,8073.02113412367
2032-02-01,126654.97289572583,36416.66013512372,18791.001197579728,20731.440158552607,19775.62143024987,34910.50964282795,8075.984343488581
2032-03-01,126325.98311629842,36360.888677868985,18818.90480376068,20769.83153238128,19882.738852036622,35031.99086391115,8135.275877284232
2032-04-01,126321.08008799716,36282.58656683969,18887.50903361487,20801.298617181918,19924.45262882986,35144.0407527199,8215.8717924712
2032-05-01,126769.9915362625,36297.39786526425,18924.006081324784,20804.400460908706,19862.056759177933,35142.99962540784,8225.121052483246
2032-06-01,126989.36419239675,36366.508862097166,18841.062258530932,20725.4032856057,19724.175916569322,34962.875978262135,8123.393559038354
2032-07-01,126437.69112508907,36366.336129305986,18666.367794023456,20555.29183800005,19560.157542247267,34675.40034773196,7977.687421004049
2032-08-01,125532.91054791908,36289.736359502116,18538.8050686124,20397.35239610949,19446.77182964629,34459.53414480959,7889.56992809235
2032-09-01,125053.8417620488,36228.17014175466,18548.18330672719,20368.12336871756,19454.918856145086,34433.445702975616,7898.878610717824
2032-10-01,125217.04002856655,36219.09121972453,18646.379370423427,20457.58664144542,19556.630927261966,34550.08864184791,7969.009175803115
2032-11-01,125739.15518494719,36245.236943322576,18735.820832124504,20565.779390507643,19643.764350668156,34684.33644203251,8036.4863557821955
2032-12-01,126295.99043999458,36307.80336635396,18773.161251237256,20636.0116375571,19669.835919324967,34770.46165351854,8061.46932189752
2033-01-01,126596.1295615134,36387.207748109024,18771.996801367834,20680.706864363023,19696.073692916547,34829.81920351101,8055.816867873854
2033-02-01,126493.0156567099,36411.01663837454,18770.947782968884,20719.752114927698,19774.35901956028,34912.170030992354,8070.8636380627495
2033-03-01,126276.01577424389,36357.30634505171,18808.5911883678,20759.509101791224,19865.075023636913,35032.25892266783,8134.980430348284
2033-04-01,126409.69966168293,36312.57068840965,18876.532162494852,20798.962430359803,19899.43386715312,35137.5646575678,8204.68614937594
2033-05-01,126819.91903352903,36342.665084838016,18899.59391861779,20805.907728355047,19852.085573480697,35132.98201226105,8204.959547944796
2033-06-01,126902.61593048976,36389.840019368865,18815.85119896023,20728.918721968977,19735.95346193319,34972.222535735724,8117.1144844461105
2033-07-01,126378.53008833852,36375.546621886526,18670.485749350184,20579.89135833665,19594.4406241306,34733.23213562369,8001.7419620680275
2033-08-01,125667.5755726631,36316.34964871661,18575.711510446807,20456.103030225247,19503.52204319551,34563.1353094892,7934.710431734887
2033-09-01,125301.86530997464,36270.34419993905,18584.665003359165,20435.906460508762,19513.487661580682,34538.99232752223,7941.906356915442
2033-10-01,125404.68466944949,36255.42241171902,18654.042711703754,20497.209026274308,19584.283212265025,34615.35436471298,7993.8664290675515
2033-11-01,125804.10493105634,36273.205297558816,18716.601123417116,20570.451331445915,19634.984580512093,34703.17292056359,8040.878764163094
2033-12-01,126241.29706984443,36329.83716389926,18741.962594633318,20623.053119986125,19650.94970443551,34761.38039945539,8054.055157948486
2034-01-01,126433.96264429609,36390.45600462316,18739.665593662474,20661.33827864084,19683.887073980775,34810.50785254329,8050.382440054881
2034-02-01,126313.6716894312,36394.148347432536,18745.00298830399,20696.436712189574,19757.604842592104,34889.3943131983,8073.604788840887
2034-03-01,126202.08243386091,36348.00642277076,18789.50419100035,20737.946671374528,19834.334529716893,35004.191049105946,8136.9050781544975
2034-04-01,126415.48133713592,36327.10192493955,18852.803251593297,20781.566208344528,19865.713190696304,35099.87621986175,8194.977992481272
2034-05-01,126758.91749447527,36358.829301017366,18864.584035704636,20787.266490033086,19829.184331494616,35091.58012936351,8189.824644943295
2034-06-01,126755.82364987633,36387.4888662038,18786.666646436544,20714.20912246228,19730.152997319732,34951.92644862365,8115.968243744799
2034-07-01,126297.56374186772,36368.944673643935,18669.976268724487,20588.596156534433,19611.390570417247,34757.637612134175,8024.98076556491
2034-08-01,125741.87907332747,36323.87749130666,18599.752797577716,20492.803182661304,19541.20665096093,34623.861512798365,7973.339480606189
2034-09-01,125451.91389745931,36286.33702956919,18606.460646620908,20476.561098980852,19549.98374767258,34599.89573600893,7978.486595887334
2034-10-01,125519.4541230468,36269.36951613039,18655.410959611803,20516.452619117626,19595.05304736891,34646.65200581347,8016.077242049696
2034-11-01,125836.01780413502,36285.835058141296,18699.205139545422,20566.228041504048,19621.692647054202,34701.28775306877,8046.556484674854
2034-12-01,126168.44722602928,36336.471903467056,18715.023582732334,20605.794430434755,19633.332160719703,34738.940242769975,8051.002817144737
2035-01-01,126271.78259102421,36378.85283710691,18712.067541627264,20636.806714677467,19668.196741630287,34779.27961442691,8049.6733597198145
2035-02-01,126159.03181352682,36370.64307441701,18723.58525600116,20668.704052107823,19734.282186025303,34853.854152913795,8077.554590605607
2035-03-01,126135.43552087974,36335.54557674474,18771.69924435405,20712.095581464335,19800.387431222138,34961.32919086827,8136.415635405239
2035-04-01,126379.08704258471,36329.56865612487,18827.47002399984,20756.047866003322,19829.956381630276,35045.5521507603,8183.415268890706
2035-05-01,126650.62777901292,36356.75614523675,18830.90755165299,20758.809460274402,19800.865356839106,35034.935068111794,8175.421544267535
2035-06-01,126602.90483549531,36372.57491120958,18762.588317813574,20692.552196153545,19716.82746237018,34917.33612553976,8114.440488954327
2035-07-01,126220.32127842351,36354.57703844173,18671.103283252778,20589.91767298175,19620.224078257725,34762.38864493694,8042.761042247253
2035-08-01,125784.0170289491,36319.325703394,18618.970811819258,20516.05478462667,19567.6770022423,34657.761286009896,8002.823696234943
2035-09-01,125550.48778636707,36286.45413369164,18623.540458474774,20501.200989587167,19573.232850482324,34634.24238648981,8006.347902404046
2035-10-01,125602.2879724929,36270.6701240957,18658.31451727944,20525.847327345895,19598.568753274958,34660.23401432412,8032.418124605619
2035-11-01,125857.31684276462,36288.37333886639,18688.479854614005,20559.870234238402,19610.49779244369,34691.80857420184,8049.908008582688
2035-12-01,126098.15466114045,36331.70192777295,18696.717357017747,20589.072972332026,19620.186387248043,34714.68552739772,8048.459916262968
2036-01-01,126137.94893306526,36359.112173198926,18694.17507820547,20613.645995272935,19653.926147355014,34748.534630782946,8049.477869251017
2036-02-01,126050.66214179207,36346.5795332626,18711.091805623702,20643.883154420135,19712.22618945257,34819.01598612914,8079.226130004215
2036-03-01,126092.21713044295,36323.16486975596,18759.556161509292,20688.263918064054,19770.318780839967,34917.81805153032,8131.783246370636
2036-04-01,126334.61048246315,36325.951744883634,18806.73615597722,20729.865673042572,19798.06815385802,34990.56497609222,8169.232785968824
2036-05-01,126543.06111677055,36347.433812540956,18804.892306222282,20729.94099943562,19774.134021216916,34979.56518766119,8160.287369837604
2036-06-01,126478.02985789855,36355.84538520643,18747.392020529525,20672.485636840975,19703.930380352183,34883.29455210987,8110.549182288247
2036-07-01,126165.78980403111,36340.38697493437,18676.58256782157,20590.719073001208,19627.777381894295,34761.803422888166,8054.197698065143
2036-08-01,125819.32647971697,36311.381963524815,18637.523185953225,20533.53960371761,19588.95962103321,34680.332753414645,8023.445349904492
2036-09-01,125632.03375877537,36281.98693021368,18640.460549651172,20519.256875322044,19590.533967686995,34657.91565398501,8025.7042897964
2036-10-01,125679.09325400376,36269.552892971464,18665.20223133422,20533.653777172327,19601.91478655135,34669.9112610876,8042.634973274966
2036-11-01,125882.2233555631,36288.1418663762,18684.941285192406,20556.587216319644,19605.24891913085,34685.488595371135,8050.412390112929
2036-12-01,126045.61117924025,36323.15591632608,18687.462680493318,20577.233266295047,19613.60060449818,34698.03777455226,8045.52140648822
2037-01-01,126046.02326998972,36339.455459820245,18686.214136396557,20596.727152609707,19644.487730803696,34727.372116458275,8048.636411833324
2037-02-01,125990.69412731851,36327.25319229344,18706.94886845727,20626.114494023732,19695.717883539866,34793.496699077004,8078.166673979334
2037-03-01,126074.15166851196,36313.935824264096,18753.059259325313,20670.003241337698,19747.350369460128,34882.729320749786,8123.832067338748
2037-04-01,126298.01066219482,36321.29549946611,18791.78086182569,20707.618781111265,19772.691163905427,34944.80151243165,8153.538327881113
2037-05-01,126457.2416423872,36338.10965610433,18787.14927962795,20706.015669068023,19752.65951668621,34934.967653916,8144.86006089747
2037-06-01,126391.18629534301,36343.21525561034,18740.1663990654,20658.21929951507,19695.416445299583,34858.26000793821,8104.759752699616
2037-07-01,126138.07035184294,36330.583819919666,18685.62466883745,20594.198135432704,19636.960637920238,34764.2927188101,8060.7432542438255
2037-08-01,125860.13398974964,36305.68620088449,18656.03216020413,20549.551215298972,19608.126426379687,34701.01717962691,8037.352347939399
2037-09-01,125712.76468036062,36279.96433628219,18657.8002794494,20535.90246535318,19605.89661281737,34680.17854283715,8038.587516349342
2037-10-01,125758.05615270598,36271.629470819345,18674.969899917083,20543.520093101208,19607.968850850062,34682.665662664615,8048.370418897686
2037-11-01,125914.0617798612,36289.737196323535,18686.44359104792,20558.20532904192,19606.379056351034,34687.05808763869,8049.303121554822
2037-12-01,126015.0199507329,36316.37890403862,18684.937844570068,20571.82773946565,19613.275517401667,34692.5348510176,8042.84980431539
2038-01-01,125994.60858866938,36325.07621795193,18685.34617672708,20587.53121403398,19640.559792125852,34718.51736731611,8047.614188757776
2038-02-01,125969.20792886744,36315.314852636635,18708.050991520267,20616.08775693722,19685.57277628714,34779.64766346407,8075.56368728833
2038-03-01,126074.12717392945,36309.352871635485,18749.938084957113,20657.786365920063,19731.326087545996,34858.68575240969,8114.543990219823
2038-04-01,126271.76866236597,36318.5133738613,18781.019872588946,20690.594729015735,19753.62183858579,34911.08542578168,8138.164012656889
2038-05-01,126394.86413048342,36332.090323807664,18775.333767434804,20688.361660634535,19736.89560944533,34903.27865133261,8130.419268004421
2038-06-01,126335.13979814842,36336.08878478056,18737.66750385232,20649.915909253603,19691.455805962672,34843.53798889442,8098.4757331878245
2038-07-01,126129.6182083698,36325.75396419638,18695.675833529367,20600.297528582858,19647.520685962936,34771.64348452155,8064.495859358662
2038-08-01,125906.13372805362,36303.990090002015,18673.12263988538,20565.133622101275,19625.644517493078,34722.60647819728,8047.044947274425
2038-09-01,125793.42561832318,36282.41020154513,18674.035028796734,20552.39720494038,19620.325499733284,34703.47330390349,8047.405586368059
2038-10-01,125835.70814669531,36277.904038197186,18685.198309229367,20555.45610075203,19616.53314850491,34699.38018304341,8051.756803300499
2038-11-01,125948.78846249511,36294.18087896485,18690.150619060176,20563.733951047587,19612.031525097274,34695.900878357425,8048.203451193361
2038-12-01,126002.09634095995,36313.254455092,18686.05914209164,20571.775873585517,19617.233250490033,34696.55446182976,8041.424982123387
2039-01-01,125973.25529200301,36317.171970564006,18688.032209543777,20584.733559653967,19640.827923490673,34719.69251648207,8047.281918215156
2039-02-01,125971.09913612265,36310.25206815829,18710.977372349884,20611.972554890774,19680.275321869194,34775.03964047262,8072.848485798163
2039-03-01,126082.11281254594,36308.897472060286,18747.664801989387,20650.081876975088,19720.277058667845,34843.64984639632,8105.737938975595
2039-04-01,126251.93300499626,36318.24223018525,18772.272191119613,20677.93127607638,19739.196969580134,34887.45420021731,8124.625271974597
2039-05-01,126348.74737245956,36329.6292466312,18766.572646213248,20675.7892119891,19725.466417910116,34881.86187710949,8118.082053166829
2039-06-01,126297.17408969947,36333.24938953771,18736.723137285397,20645.619368120435,19690.344576761134,34836.17803893408,8092.972944016622
2039-07-01,126129.56937218088,36324.420328089735,18704.395562685975,20607.327409926722,19657.792798326424,34781.64242103965,8067.168847896004
2039-08-01,125950.98321683807,36305.40346987884,18687.230577569317,20579.454619155556,19640.676534321305,34743.67496715287,8054.431342401142
2039-09-01,125867.6245034998,36288.136022426654,18687.47254666363,20567.86202193223,19633.218950870236,34726.16998726079,8054.010120023046
2039-10-01,125904.43155335984,36286.582990829644,18693.803636660952,20567.72926831414,19625.949393142644,34717.49022442805,8054.393277622888
2039-11-01,125980.0936213822,36300.170655918555,18693.842621954245,20570.979801422174,19619.63626264559,34708.57274588308,8048.171470985782
2039-12-01,125999.40581290703,36313.03191648057,18688.368045601997,20574.82413760598,19623.104857974708,34706.02077537673,8041.770598352296
2040-01-01,125969.36812964715,36314.188613560604,18691.556834496172,20585.760304592448,19643.263120044885,34726.4438408068,8048.156562227263
2040-02-01,125982.63650117569,36309.666544276246,18713.413364666267,20611.055262493424,19677.59642659314,34775.397236422694,8070.937867258628
2040-03-01,126089.83871700952,36310.79189146159,18744.67330223847,20644.740322603324,19711.921622375594,34833.82277861572,8098.44864757291
2040-04-01,126233.4815801903,36319.54324884378,18764.024793850425,20667.946126904593,19727.513664484613,34870.10897242056,8113.616428315546
2040-05-01,126310.71441356468,36329.352852141674,18758.857659412435,20666.295911257017,19716.584753102266,34866.5382737065,8108.29671609365
2040-06-01,126266.58850608428,36332.563584443706,18735.393692919803,20643.021119935373,19690.12478545876,34832.13879098905,8088.862434625356
2040-07-01,126129.63641427725,36324.59109945156,18710.59292953376,20613.49601290227,19666.202370873918,34791.09242271559,8069.6592183376915
2040-08-01,125988.87133747077,36308.18143993001,18697.6576480433,20591.356237292493,19652.403982114185,34761.713602440184,8060.551309427221
2040-09-01,125929.2436167015,36294.93986711656,18697.33040662218,20580.99203439505,19643.727640350426,34745.6742669055,8059.420697223497
2040-10-01,125958.54048361973,36295.25878876041,18699.846332330995,20578.540973738964,19634.56267678333,34733.881696934666,8057.040459997028
2040-11-01,126003.57067835508,36305.86161308244,18696.467253254148,20577.964686884206,19627.120593030642,34721.45067061424,8049.4598443492305
2040-12-01,126000.49272321741,36314.008517463444,18690.536986890464,20578.86509497075,19629.057631659573,34716.90013517965,8043.751414467804
2041-01-01,125972.92362626057,36313.71421678772,18694.52163647073,20588.240544502813,19646.18182738001,34734.64909231357,8050.183138280841
2041-02-01,125994.88115097434,36310.90528884528,18714.464556197527,20611.08310352215,19675.754825131866,34776.99475241496,8070.060317278876
2041-03-01,126093.00834750509,36313.14606261829,18740.591034589495,20640.07734661791,19704.63506284142,34825.92006668039,8092.890433355675
2041-04-01,126213.52803874215,36321.06280890913,18755.800540346434,20659.22201854138,19717.253585112303,34855.76164200181,8105.074042105248
2041-05-01,126275.53547050926,36329.59710044384,18751.395791057803,20658.225787935946,19708.92745784379,34853.87843490324,8100.872205248301
2041-06-01,126237.55748847534,36332.164599094955,18733.101937349762,20640.49393402129,19689.49110159878,34828.377350271054,8086.098465093157
2041-07-01,126126.12690742133,36324.726663593196,18714.2601905109,20617.766455159937,19671.99579221976,34797.78538151607,8072.139255610571
2041-08-01,126017.30378113859,36310.850875570795,18704.681727001236,20600.235963598963,19660.644247798948,34775.08985917364,8065.7285756637575
2041-09-01,125975.89664026568,36301.042123938394,18703.855078405893,20591.064262933705,19651.510504836937,34760.377523781106,8063.976311489346
2041-10-01,125996.79364186162,36302.27026939643,18703.49572400586,20586.928783518943,19641.477291861793,34746.667555274405,8059.795264386599
2041-11-01,126018.36642575666,36310.031143668966,18698.001331011346,20583.61768222199,19633.41302054612,34732.28028057485,8051.73960437039
2041-12-01,126001.92548678475,36314.82188523997,18692.250075945438,20582.627196149417,19634.171957533123,34726.64566522027,8046.79756200419
2042-01-01,125978.24775427434,36313.838265062644,18696.637862128504,20590.71940474149,19648.681395691063,34741.81574953798,8052.915026254424
2042-02-01,126004.03417513153,36312.12472206373,18714.28159846178,20610.830940188247,19673.837662677826,34777.751413708684,8069.956851109239
2042-03-01,126091.11468429463,36314.7568039249,18735.853515379356,20635.310143426817,19697.716700765915,34818.185611758105,8088.746948266587
2042-04-01,126191.85847124219,36321.86434302604,18747.854566899856,20651.0633327803,19707.878222259336,34842.62621978579,8098.495657194828
2042-05-01,126241.57173306531,36329.26053421888,18744.26731262001,20650.732041162035,19701.90226796078,34842.10157185556,8095.264131291614
2042-06-01,126208.75447359201,36331.04177851818,18730.168100801966,20637.386513119265,19688.00622327185,34823.577646180966,8084.273259861504
2042-07-01,126119.14315704769,36324.106794527426,18716.096999564714,20619.996883333562,19675.279944142556,34801.10856913847,8074.396276800035
2042-08-01,126036.96614152432,36312.66862614582,18709.164263139053,20606.23221568116,19665.872854849084,34783.6458436711,8069.920444439062
2042-09-01,126008.86561133634,36305.597825848585,18707.90594038644,20598.156398683648,19656.84148081418,34770.18868486922,8067.665110622683
2042-10-01,126021.63929026687,36307.05705064587,18705.521540333255,20592.864440328456,19646.60811838408,34755.56469072344,8062.43042237961
2042-11-01,126026.45649600495,36312.395494051976,18698.95396937666,20587.789229800594,19638.34997651069,34740.45940856241,8054.463423186309
2042-12-01,126003.09417658811,36314.920842676955,18693.748299065435,20585.719802893684,19638.317783769784,34734.416543022,8050.242359422479
2043-01-01,125983.46612303359,36313.643615739384,18698.214734733825,20592.69212193613,19650.578251219446,34747.18425882259,8055.816755814062
2043-02-01,126010.00469186742,36312.58537285851,18713.482902125128,20610.025471629593,19671.69321371241,34777.21352216749,8070.208687034627
2043-03-01,126085.9541183047,36315.29549698903,18731.165615612335,20630.427443759996,19691.167267767985,34810.313540900424,8085.535460861541
2043-04-01,126169.96395080067,36321.695483997784,18740.688473027767,20643.421324004834,19699.41161653864,34830.31462069743,8093.285538539261
2043-05-01,126209.54766646455,36328.026725127886,18737.8850023816,20643.683312243447,19695.47504637896,34830.876692834805,8090.882071821769
2043-06-01,126181.39026963178,36329.04166387058,18727.20319167367,20633.797839533938,19685.85542620757,34817.82547700711,8082.925362854941
2043-07-01,126110.66369014702,36322.73794219457,18716.954130647642,20620.659704771544,19676.690943537862,34801.68670996269,8076.160161483496
2043-08-01,126050.2298949472,36313.57429804001,18712.061889328885,20609.985013463698,19668.922334941526,34788.34307775535,8073.033502432369
2043-09-01,126031.40851727303,36308.585097920055,18710.4472045824,20602.888214473864,19660.356624097356,34776.11938210679,8070.419971930693
2043-10-01,126037.16563200587,36309.900326004354,18706.76348094221,20596.90632563124,19650.362743899113,34761.400595104045,8064.694083331788
2043-11-01,126030.87711101932,36313.34933384547,18699.878954857955,20590.876454030156,19642.27232435353,34746.503580686025,8057.155419409612
2043-12-01,126004.81798292085,36314.41416679002,18695.371866975907,20588.30028239819,19641.78238673394,34740.517856599225,8053.5691990909745
2044-01-01,125988.81270278856,36313.03407132848,18699.672714973054,20594.257011950544,19652.08860808985,34751.11741093273,8058.487322738527
2044-02-01,126014.36314313143,36312.36860845042,18712.67061786226,20608.939417178146,19669.57347580594,34775.90558262914,8070.480550100099
2044-03-01,126079.9338308113,36315.05168658772,18727.094138557168,20625.804629709255,19685.298409102772,34802.81922033851,8082.863264772911
2044-04-01,126149.72959847975,36320.82407009453,18734.683111130616,20636.568650062898,19692.093203821158,34819.21193864204,8088.982432426166
2044-05-01,126180.93282432144,36326.15036065429,18732.585591020557,20637.312334941154,19689.84421589053,34820.635232468034,8087.284871165983
2044-06-01,126157.2401045852,36326.539226837915,18724.685283822724,20630.16045940548,19683.466876284787,34811.87118014196,8081.731124478012
2044-07-01,126102.77094702813,36321.02007815865,18717.46396078746,20620.432464652626,19676.987922974982,34800.65547849971,8077.290871989915
2044-08-01,126059.59667439578,36313.89125817418,18714.0957642222,20612.271866659397,19670.633692991803,34790.55477683143,8075.090189366664
2044-09-01,126046.9924424648,36310.432200664996,18712.20927409181,20606.038809421272,19662.73581383204,34779.55918618549,8072.274281317834
2044-10-01,126047.23871532085,36311.45899635159,18707.80566175836,20599.76765332122,19653.269331165742,34765.366435826974,8066.465639517035
2044-11-01,126034.21202409343,36313.536749066036,18701.097545909455,20593.402913249625,19645.625845034,34751.30531351867,8059.545280499151
2044-12-01,126007.998022988,36313.69550670637,18697.297498102278,20590.684701743987,19644.91655654559,34745.660466486675,8056.506766495631
2045-01-01,125995.00735986771,36312.30439512181,18701.26501551172,20595.705924718077,19653.501938825946,34754.344707176584,8060.741102246055
2045-02-01,126018.68904947242,36311.89896758526,18712.18552068426,20607.96944093983,19667.78933783302,34774.597396408884,8070.615296938137
2045-03-01,126074.86195926457,36314.52500345174,18723.89293975045,20621.834823470424,19680.40143912374,34796.363648622355,8080.521817534831
2045-04-01,126132.47266235453,36319.70310232932,18729.94642298996,20630.780567354956,19686.101489823275,34809.82729670381,8085.328933736267
2045-05-01,126156.79514131039,36324.09538441523,18728.45862016316,20631.882015024115,19685.17741943809,34811.91035091916,8084.2331617565915
2045-06-01,126137.43507911096,36324.046001362454,18722.80187895501,20626.887394872454,19681.216956390337,34806.473826709145,8080.554661400751
2045-07-01,126096.68647727839,36319.40357499874,18717.927933707866,20619.88247548597,19676.77251773538,34799.044907528674,8077.818129376236
2045-08-01,126066.8035740143,36314.01131201528,18715.655497749038,20613.730733192715,19671.632009879897,34791.47915320152,8076.252548265548
2045-09-01,126058.231050503,36311.64884337494,18713.58673135587,20608.256779642998,19664.48803923942,34781.692992572,8073.381632710002
2045-10-01,126054.51297806232,36312.37760719299,18708.896297353498,20602.016548186697,19655.73037838548,34768.44803064288,8067.772578613614
2045-11-01,126037.88410907748,36313.51272189783,18702.648978965397,20595.74722416956,19648.72033834346,34755.5899939503,8061.562644382746
2045-12-01,126012.9087121721,36313.1248562695,18699.485757161987,20593.092295194798,19647.93313785395,34750.426025401975,8058.996973726384
2046-01-01,126002.34983180821,36311.77251448377,18703.019785614128,20597.25303732526,19654.99090479711,34757.43860504063,8062.573798781673
2046-02-01,126023.77194271023,36311.56664677466,18712.086937980253,20607.3754635972,19666.514265085512,34773.82540755957,8070.610836393993
2046-03-01,126071.49371223903,36314.11267667251,18721.528779924854,20618.720891143596,19676.581674603567,34791.333218783955,8078.4591618551485
2046-04-01,126118.5952518631,36318.69751167561,18726.343943905264,20626.158825320977,19681.43179936653,34802.403580953454,8082.228818710584
2046-05-01,126137.3556234801,36322.2453082782,18725.36697383783,20627.500054915272,19681.49045568599,34804.9571970719,8081.641061148262
2046-06-01,126122.1052864326,36321.93665161618,18721.49074031462,20624.194794207706,19679.29918843189,34802.05275065416,8079.399470991433
2046-07-01,126092.61385091374,36318.17513020038,18718.38602474589,20619.33136394578,19676.389352395287,34797.47768283816,8077.886469761003
2046-08-01,126072.65595088819,36314.19694229636,18716.871046624063,20614.74817715344,19672.267436136102,34791.86698246593,8076.762093494306
2046-09-01,126066.63793015125,36312.60399622869,18714.708760024532,20609.94280235033,19665.890315185283,34783.244920266836,8073.959208349503
2046-10-01,126060.3188229581,36313.08185347455,18710.035018747993,20603.967227684807,19657.944518250057,34771.192119558735,8068.7307465737495
2046-11-01,126042.20003978675,36313.58915439174,18704.385654953785,20598.059670770228,19651.66615850864,34759.700997470136,8063.258956843459
2046-12-01,126019.14774963679,36312.877241490394,18701.760727627276,20595.565826687325,19650.867706879442,34755.05871813415,8061.103167802446
2047-01-01,126010.54237700463,36311.5960031061,18704.817244403723,20598.94507482816,19656.5713711164,34760.62303133681,8064.07634411233
2047-02-01,126029.57048616471,36311.55703899592,18712.258346640523,20607.210312043077,19665.746600676135,34773.74419410097,8070.543607451484
2047-03-01,126069.69733381487,36313.9857594839,18719.808663430616,20616.44361425908,19673.750737179846,34787.7343851867,8076.7013432287185
2047-04-01,126107.75096813717,36317.97066743469,18723.61833499048,20622.611409461762,19677.911005908638,34796.83058584208,8079.663164607714
2047-05-01,126122.10717261204,36320.779519448035,18723.05989117609,20624.091511730614,19678.654448148824,34799.679287200284,8079.493688156339
2047-06-01,126110.60696762259,36320.352606645174,18720.567019798356,20622.089499283396,19677.731253560276,34798.644277689076,8078.327542082162
2047-07-01,126090.06777862742,36317.40221000969,18718.754229226543,20618.87225794905,19675.96266464332,34796.15975551894,8077.672625941313
2047-08-01,126077.30862358531,36314.52823809164,18717.745173398554,20615.486325216472,19672.674116419257,34792.03318203668,8076.86083319701
2047-09-01,126072.89602773779,36313.46615532624,18715.572095219813,20611.274253301348,19667.03772020444,34784.50554346187,8074.216529158421
2047-10-01,126065.06279314322,36313.75067769074,18711.114292637954,20605.716813381452,19659.94828170518,34773.749870580716,8069.470888887956
2047-11-01,126046.8027046009,36313.84266781976,18706.10738693235,20600.31271818288,19654.428220362082,34763.64932978973,8064.7222439572215
2047-12-01,126025.9589963447,36312.942774469055,18703.92450720864,20598.015267885054,19653.639726927482,34759.51248426411,8062.920784803476
2048-01-01,126018.94076251984,36311.75601967718,18706.502273581984,20600.69869015078,19658.156474472205,34763.83188990593,8065.3541002651555
2048-02-01,126035.57255434044,36311.85486085022,18712.53597303107,20607.375563865455,19665.36892837096,34774.21332185451,8070.49559355398
2048-03-01,126068.8989783997,36314.118790031935,18718.511926532254,20614.838629369613,19671.70621973046,34785.3016330733,8075.279993860805
2048-04-01,126099.24119753942,36317.509180695575,18721.508630912802,20619.927755148183,19675.28244632075,34792.7579357289,8077.61900891279
2048-05-01,126110.19138861893,36319.693035176766,18721.28721746565,20621.467738185438,19676.469221826635,34795.74821986641,8077.780162983865
2048-06-01,126101.97130040516,36319.243862194184,18719.843293782003,20620.44959893623,19676.43144702284,34796.03904237662,8077.394671924086
2048-07-01,126088.3370417656,36316.99163207665,18718.943251966186,20618.464375414238,19675.492711338644,34795.034019392675,8077.323081076339
2048-08-01,126080.66705046696,36314.95177875845,18718.264838385167,20615.976319102803,19672.872746334397,34792.019157370574,8076.736699964106
2048-09-01,126077.27961790463,36314.252020670014,18716.153082356344,20612.296756502274,19667.934365270637,34785.50185758,8074.308585316987
2048-10-01,126068.74061786836,36314.39220423426,18712.03223057667,20607.245095823786,19661.70273782665,34776.05149114216,8070.089773471801
2048-11-01,126051.1646697722,36314.20680389046,18707.659969688702,20602.40191245301,19656.917690054397,34767.28150621787,8066.021634583583
2048-12-01,126032.60729132977,36313.20617233684,18705.83871049932,20600.306274376482,19656.14023286438,34763.60946053191,8064.523012443009
2049-01-01,126026.89842709064,36312.13076316721,18707.96552917373,20602.38487882705,19659.63577927801,34766.871430645115,8066.480740857849
2049-02-01,126041.20639982475,36312.334279816496,18712.796759286513,20607.71838715053,19665.232202757412,34774.972061040826,8070.513865910418
2049-03-01,126068.50327539834,36314.38861470669,18717.47285694319,20613.700373856314,19670.22550936308,34783.67574890558,8074.193812148002
2049-04-01,126092.37918388536,36317.2114374276,18719.82071296844,20617.874593968376,19673.294236258334,34789.76795622267,8076.054050625791
2049-05-01,126100.75792128645,36318.88382732094,18719.86600856212,20619.417161379926,19674.740496044935,34792.775581234804,8076.462067551174
2049-06-01,126095.292490561,36318.46918383954,18719.19622955289,20619.121445358116,19675.29969138497,34793.959141600164,8076.620900100161
2049-07-01,126086.83622685922,36316.7889241856,18718.91935941765,20618.03248763622,19674.946952752536,34793.960310672475,8076.92863376047
2049-08-01,126082.68741198114,36315.36551049423,18718.456788719894,20616.21159128121,19672.858585737355,34791.77267068262,8076.506446795091
2049-09-01,126079.9859633582,36314.91270502629,18716.464239492117,20613.01547131973,19668.570627306588,34786.17711219331,8074.324088455006
2049-10-01,126071.31300467835,36314.94563507043,18712.7452092173,20608.50800305986,19663.167403010277,34777.9804184885,8070.635811556054
2049-11-01,126054.90851384366,36314.57442293114,18708.97301570746,20604.232145673097,19659.06450856386,34770.439266204936,8067.189157999568
2049-12-01,126038.60962241898,36313.535137233164,18707.450820689548,20602.333212004556,19658.295420521248,34767.18722720226,8065.945093963357
2050-01-01,126033.99164472835,36312.582012523206,18709.171061506615,20603.899526985733,19660.93220440882,34769.566168742036,8067.488402757354
2050-02-01,126046.09916017026,36312.854888755915,18712.988295817024,20608.108593376768,19665.21674360649,34775.78717381193,8070.604227978969
2050-03-01,126068.13053469718,36314.66860715591,18716.603871366588,20612.857959243545,19669.12885412587,34782.54588256575,8073.404211627598
2050-04-01,126086.68754836201,36316.97218870305,18718.442491208825,20616.262822178523,19671.752985494175,34787.50816534918,8074.894982252552
2050-05-01,126093.16596637589,36318.23863713207,18718.693602058698,20617.768841454996,19673.32570739185,34790.44036022614,8075.473496505798
2050-06-01,126089.92743679734,36317.88663197949,18718.577478793082,20617.985268765842,19674.266986834726,34792.18342675992,8075.991562576806
2050-07-01,126085.25552415861,36316.65959107268,18718.710121154403,20617.529532276312,19674.313268894883,34792.8372424761,8076.529615434957
2050-08-01,126083.4979526246,36315.6872297794,18718.39177442515,20616.204418365396,19672.64862867017,34791.26628900817,8076.227364645289
2050-09-01,126081.2892781619,36315.40408949559,18716.559972730865,20613.450319508058,19668.96262984562,34786.5052986291,8074.299519475655
2050-10-01,126072.87045011223,36315.3575959344,18713.268342461535,20609.490930012256,19664.33695511827,34779.477462083334,8071.119777313635
2050-11-01,126057.91022268205,36314.866296093554,18710.048952950234,20605.76072425101,19660.849213420992,34773.04782888736,8068.227762817454
2050-12-01,126043.78209263962,36313.836834987815,18708.77750476535,20604.05147515614,19660.089466752557,34770.17564869866,8067.194068707566
2051-01-01,126040.07205999558,36313.011014088755,18710.14222453975,20605.194775301894,19662.02140123723,34771.832645496805,8068.380443578071
2051-02-01,126050.14121261789,36313.320310477306,18713.115514385063,20608.472524099932,19665.25473044093,34776.523971439245,8070.745530752101
2051-03-01,126067.65753070483,36314.88116031906,18715.877632425367,20612.204904604037,19668.300141554915,34781.71279094835,8072.850843937241
2051-04-01,126081.9232375435,36316.728884435,18717.32271079194,20614.97061854672,19670.536209142345,34785.74601728399,8074.05409526478
2051-05-01,126087.01782696249,36317.68167644887,18717.72611955554,20616.414222063886,19672.14266924034,34788.538558915156,8074.737403712952
2051-06-01,126085.51423196317,36317.40194785777,18717.990376097336,20616.977009658447,19673.307605132257,34790.59334258751,8075.473841653326
2051-07-01,126083.53953287497,36316.5269696781,18718.37897921512,20616.95470056355,19673.61304659202,34791.64438428226,8076.135791007419
2051-08-01,126083.37361810694,36315.884487964046,18718.160980383138,20616.00072110799,19672.289750115895,34790.53710796523,8075.9211898640115
2051-09-01,126081.54511980667,36315.71927460908,18716.51490675523,20613.65075172836,19669.15642309682,34786.52676438066,8074.242878198512
2051-10-01,126073.63179931902,36315.6151894501,18713.64922182107,20610.22014365558,19665.243320410886,34780.56633364361,8071.534885815814
2051-11-01,126060.24843335358,36315.05498722792,18710.92965846751,20606.999529085075,19662.29957428159,34775.12869955144,8069.129040721426
2051-12-01,126048.16086803326,36314.07377659811,18709.870000194827,20605.47295374441,19661.554857387382,34772.602053826806,8068.2669273574365
2052-01-01,126045.19683597652,36313.37426152542,18710.930284912323,20606.27493296612,19662.921703164957,34773.68243977869,8069.1504546765755
2052-02-01,126053.41804139511,36313.69283294178,18713.210036711276,20608.789646769128,19665.322553540802,34777.146363223845,8070.908958854016
2052-03-01,126067.13581430673,36315.006270048645,18715.294674955676,20611.69195835718,19667.676540939916,34781.08311131754,8072.471144384908
2052-04-01,126077.99849855041,36316.46794623856,18716.438542293465,20613.93297167477,19669.57659021688,34784.35808627719,8073.448368243904
2052-05-01,126082.08910563585,36317.183512434545,18716.946865413298,20615.296962844423,19671.15362063674,34786.96948840698,8074.1832416993475
2052-06-01,126081.88590529226,36316.97499652423,18717.457816887276,20616.077955959998,19672.42663677752,34789.15724521194,8075.034297676131
2052-07-01,126081.78002192915,36316.3706912628,18717.994010849925,20616.34099886407,19672.889121784778,34790.425795335315,8075.746357381221
2052-08-01,126082.64254811464,36315.970217330934,18717.848650660188,20615.667532212065,19671.844342722667,34789.670640764336,8075.596096899189
2052-09-01,126081.12185079961,36315.88729867521,18716.398386868063,20613.6843329672,19669.212640532183,34786.32984101279,8074.154150268914
2052-10-01,126073.8651965815,36315.74348342361,18713.93911236876,20610.74825685944,19665.938909224606,34781.32807701173,8071.87380048702
2052-11-01,126062.09383653686,36315.15556891239,18711.664163912938,20607.994110812382,19663.46950155626,34776.766256218216,8069.888100251446
2052-12-01,126051.88233228736,36314.25090127,18710.782980035703,20606.642275224513,19662.748250697143,34774.55445013665,8069.164982843348
2053-01-01,126049.5174668878,36313.670967569924,18711.58633670491,20607.174190132388,19663.67167908313,34775.185154995634,8069.796369080675
2053-02-01,126056.09832681376,36313.97869970417,18713.303097878194,20609.070538260148,19665.420197150986,34777.67856603844,8071.071868356696
2053-03-01,126066.67786128382,36315.06312776395,18714.856608369762,20611.30300424739,19667.22562555342,34780.628494778546,8072.213792408757
2053-04-01,126074.8791002127,36316.20710430288,18715.770182846227,20613.11703290221,19668.836739221922,34783.287553751834,8073.011592168163
2053-05-01,126078.23345206284,36316.74572212987,18716.341964145417,20614.38957460132,19670.341885190155,34785.692891574545,8073.757365252949
2053-06-01,126078.96235301453,36316.601733834075,18716.99841434484,20615.291634863475,19671.639900430517,34787.88815400174,8074.649306317959
2053-07-01,126080.10340973795,36316.20423591549,18717.60675027815,20615.73220208061,19672.186553163978,34789.25011765865,8075.362230668559
2053-08-01,126081.59565477334,36315.98109570807,18717.515141445092,20615.272089978615,19671.37114839704,34788.763751515915,8075.259798155674
2053-09-01,126080.3292020142,36315.95467017375,18716.25890028557,20613.617496685823,19669.188041574453,34786.013534514525,8074.036568221072
2053-10-01,126073.8073761877,36315.785888315826,18714.175169131668,20611.132734467297,19666.47718893308,34781.859820550286,8072.137114837113
2053-11-01,126063.6121745753,36315.202547317895,18712.289585908966,20608.798688218812,19664.41684564102,34778.06295710665,8070.5102927616645
2053-12-01,126055.08646635467,36314.39206387752,18711.557310313077,20607.611535391494,19663.727729306087,34776.13651005042,8069.899777239805
2054-01-01,126053.18915667047,36313.92025718082,18712.146348153747,20607.933186820912,19664.309858078108,34776.42471800886,8070.325861202004
2054-02-01,126058.34345963184,36314.20365586321,18713.411613737964,20609.333839427716,19665.552186731,34778.16180217454,8071.22290096017
2054-03-01,126066.37253396855,36315.08468612346,18714.553238084984,20611.03155739584,19666.9248775553,34780.3421952999,8072.043211482826
2054-04-01,126072.51325851245,36315.97243785087,18715.28936743896,20612.49958629445,19668.28838823602,34782.501326172714,8072.697354741191
2054-05-01,126075.31382691834,36316.37969462007,18715.889522028276,20613.672393196975,19669.69365535357,34784.68732351498,8073.424677689429
2054-06-01,126076.67326427062,36316.29096349742,18716.61664080451,20614.623520272133,19670.958449340586,34786.80460364807,8074.3071365084015
2054-07-01,126078.59922154239,36316.05022172755,18717.24542746501,20615.164114183353,19671.538474536697,34788.17558605308,8074.989652121852
2054-08-01,126080.43725281631,36315.95538236767,18717.193596609555,20614.866106661855,19670.912484546858,34787.893592405606,8074.923490182766
2054-09-01,126079.38138176255,36315.96589003462,18716.12131338709,20613.50133465304,19669.123893402342,34785.657339325044,8073.899055130937
2054-10-01,126073.6200757284,36315.78413085206,18714.376098866327,20611.420192556794,19666.90023284959,34782.24292544885,8072.333875352281
2054-11-01,126064.9138609894,36315.22893606474,18712.82642185249,20609.458921389476,19665.189428868238,34779.10659471633,8071.010488504291
2054-12-01,126057.86930166336,36314.52020757238,18712.216784368975,20608.423942681333,19664.5395870914,34777.43609743118,8070.491696636634
2055-01-01,126056.32598981832,36314.1419931659,18712.629222684023,20608.58422769474,19664.863735563962,34777.46975321579,8070.754702492484
2055-02-01,126060.26420053121,36314.39303864652,18713.536984587638,20609.59192269445,19665.717148092168,34778.62585099104,8071.360275172837
2055-03-01,126066.25059259424,36315.09865821626,18714.362281156493,20610.866868598725,19666.75040752902,34780.21156496159,8071.937277919356
2055-04-01,126070.80707809736,36315.78224717036,18714.95973748293,20612.054487383575,19667.901715033076,34781.96372781122,8072.475489962923
2055-05-01,126073.17625620197,36316.09157739091,18715.560058458785,20613.12219361887,19669.189607930915,34783.92556884408,8073.164383935183
2055-06-01,126074.92704860205,36316.048025612356,18716.304236315653,20614.070580842475,19670.382210444775,34785.909137603514,8074.004539214114
2055-07-01,126077.29828487473,36315.924383044636,18716.91903257656,20614.656247213832,19670.961230594934,34787.23294547053,8074.638152249367
2055-08-01,126079.28072768686,36315.91965906134,18716.896201085685,20614.480229330216,19670.491043360496,34787.104162158976,8074.600097314799
2055-09-01,126078.39931458785,36315.95205402912,18715.992907771364,20613.366996190012,19669.04356838667,34785.30875661424,8073.753521919266
2055-10-01,126073.3875047013,36315.76676584646,18714.546889472134,20611.640725859997,19667.23540852387,34782.52984292324,8072.477728476122
2055-11-01,126066.04871881031,36315.25514955354,18713.28303755086,20610.00568338266,19665.820953976603,34779.957261394826,8071.40847053555
2055-12-01,126060.27895130182,36314.64751833893,18712.773289816927,20609.108527361765,19665.215288380437,34778.51360938203,8070.965049004331
2056-01-01,126058.99685170178,36314.347211978566,18713.042461292836,20609.146933373555,19665.348155748332,34778.36341884118,8071.101942817357
2056-02-01,126061.91878765242,36314.56212467761,18713.671109934232,20609.84685448321,19665.906112887315,34779.07992348123,8071.487115007436
2056-03-01,126066.29081694008,36315.11953154729,18714.255754607002,20610.79048765538,19666.67468740302,34780.209749674585,8071.882192145731
2056-04-01,126069.63540644202,36315.64139419299,18714.743061246045,20611.750177263162,19667.643766468722,34781.62901474741,8072.326089349622
2056-05-01,126071.65620839075,36315.87698352699,18715.322335155604,20612.710310839837,19668.804873991972,34783.36851039035,8072.96388486449
2056-06-01,126073.61464525296,36315.868806314174,18716.046819519815,20613.62026662309,19669.901293655726,34785.18489980689,8073.741715460531
2056-07-01,126076.18550951156,36315.83052842926,18716.62582719627,20614.212817204087,19670.457027211534,34786.425678925014,8074.316767675732
2056-08-01,126078.17279079053,36315.885914560786,18716.623744921104,20614.127035634803,19670.113865870095,34786.409107559506,8074.300836982479
2056-09-01,126077.43714193809,36315.92893980971,18715.872222322556,20613.228943367103,19668.956685407036,34784.98652336351,8073.610968523057
2056-10-01,126073.13914732302,36315.74733766931,18714.686481972127,20611.81024994555,19667.498503262803,34782.74680401065,8072.582409028768
2056-11-01,126067.02674770114,36315.287808189074,18713.66293441711,20610.457111364358,19666.33367705418,34780.65010691191,8071.724036486918
2056-12-01,126062.33502732523,36314.77491999935,18713.23410538815,20609.68268183441,19665.774923396697,34779.40548688513,8071.343158076654
2057-01-01,126061.24298896841,36314.537428868294,18713.38943435581,20609.631058041894,19665.76931831336,34779.127635073506,8071.385351981312
2057-02-01,126063.33267954126,36314.715603631026,18713.803687704,20610.093264326417,19666.10598565532,34779.51729384173,8071.607114390524
2057-03-01,126066.44514803347,36315.1496077913,18714.207121034357,20610.77946898571,19666.66949058538,34780.30045198946,8071.867779829458
2057-04-01,126068.86715835106,36315.543718290704,18714.605670329493,20611.553203492247,19667.481785391697,34781.44618653924,8072.234284369682
2057-05-01,126070.59829247827,36315.72318805984,18715.149231475734,20612.406246975985,19668.513166497483,34782.970629375326,8072.813804920612
2057-06-01,126072.62802917538,36315.74151551146,18715.830367295915,20613.254789767696,19669.50093879492,34784.60309402203,8073.518442087146
2057-07-01,126075.22536695938,36315.76321859629,18716.361045608082,20613.82857798036,19670.019925103235,34785.73994835777,8074.031240814693
2057-08-01,126077.12540266858,36315.85546680802,18716.373632613322,20613.808013606453,19669.779118544986,34785.80304824452,8074.032801936404
2057-09-01,126076.51398427463,36315.90126514133,18715.756181230827,20613.091677580807,19668.865526998023,34784.691729798025,8073.478887699769
2057-10-01,126072.87847046314,36315.72868585816,18714.793889930563,20611.936384610293,19667.699127133856,34782.904185375184,8072.658818204047
2057-11-01,126067.84423540716,36315.32442571297,18713.970336807542,20610.824150939465,19666.74348212759,34781.20537485971,8071.973897667532
2057-12-01,126064.0514829361,36314.896743185556,18713.60718188065,20610.15769187378,19666.23264661407,34780.13428512255,8071.645427018423
2058-01-01,126063.0985049849,36314.708772257734,18713.674445540677,20610.041826390818,19666.130119483518,34779.773138103184,8071.618890299312
2058-02-01,126064.5209038392,36314.85189200741,18713.927131259825,20610.32350161407,19666.304117883825,34779.92509186642,8071.722164145684
2058-03-01,126066.66367003103,36315.184383711734,18714.195732954282,20610.811497615887,19666.709919747802,34780.44715223251,8071.8847798985835
2058-04-01,126068.3876448008,36315.47789601212,18714.52201896383,20611.433129714438,19667.38727787523,34781.367606822874,8072.187223764536
2058-05-01,126069.87324405236,36315.6144116828,18715.020829908397,20612.182359234484,19668.291139034805,34782.68876540583,8072.705347765594
2058-06-01,126071.87691617761,36315.65165737827,18715.644824082086,20612.95631085054,19669.16639595715,34784.13298256354,8073.332383826996
2058-07-01,126074.38346329366,36315.71330519846,18716.121281464148,20613.495074424383,19669.641486315588,34785.15606925357,8073.783182341345
2058-08-01,126076.14059543176,36315.82500981076,18716.144244996423,20613.520320549727,19669.482065341435,34785.273552496335,8073.798459838147
2058-09-01,126075.6378336027,36315.8686917405,18715.643686562722,20612.95600478084,19668.77039321361,34784.41918640584,8073.360687405394
2058-10-01,126072.60433739246,36315.70891746548,18714.87101055358,20612.023976552446,19667.84520034302,34783.006972691626,8072.7142235398105
2058-11-01,126068.50207814432,36315.359389725374,18714.212488743127,20611.11565788773,19667.064115451132,34781.63823795019,8072.170782953359
2058-12-01,126065.45108858662,36315.00619518456,18713.90309330179,20610.543513359393,19666.600952046003,34780.71809245294,8071.886647683957
2059-01-01,126064.60298871147,36314.85680705078,18713.90450427583,20610.384313341645,19666.434001856564,34780.30845197433,8071.812342341999
2059-02-01,126065.50221024788,36314.96807853174,18714.038158849493,20610.53171780434,19666.491382193297,34780.292598079744,8071.831997284868
2059-03-01,126066.9093661075,36315.2180435282,18714.207857029607,20610.868674178335,19666.77694959194,34780.62042316997,8071.924128881184
2059-04-01,126068.10960936587,36315.432818162204,18714.474923483376,20611.365827320053,19667.33837830444,34781.35541804039,8072.173138450313
2059-05-01,126069.38479035784,36315.53652090513,18714.92440766163,20612.016858379884,19668.120814291164,34782.48841440589,8072.629715797361
2059-06-01,126071.296021144,36315.586472406416,18715.484611947257,20612.710343360694,19668.88576745422,34783.748962896054,8073.179249728628
2059-07-01,126073.63714732238,36315.672618361714,18715.905549622163,20613.204755726896,19669.314185570343,34784.65642630332,8073.570845358818
2059-08-01,126075.22283538213,36315.7913776568,18715.93592803222,20613.261055727584,19669.2185391616,34784.80910879174,8073.596666176422
2059-09-01,126074.81723163227,36315.830431789,18715.53608068601,20612.82281687314,19668.672453631232,34784.16470941524,8073.256618185685
2059-10-01,126072.3208195007,36315.68593819034,18714.9225597013,20612.0783014083,19667.94518733425,34783.06119936429,8072.752976964432
2059-11-01,126069.01253612542,36315.38823945871,18714.399207111135,20611.34118236797,19667.309256652654,34781.964569537966,8072.324079134686
2059-12-01,126066.56888625532,36315.09894770761,18714.134377388502,20610.851153226868,19666.892632105722,34781.17578153037,8072.077809605587
2060-01-01,126065.80410211912,36314.97957225429,18714.088621123727,20610.66544366846,19666.686427181565,34780.74459221378,8071.9723082255405
2060-02-01,126066.30295366693,36315.063056654755,18714.136943036818,20610.71556734204,19666.663000976725,34780.61515963668,8071.935043880624
2060-03-01,126067.1614962356,36315.24678356059,18714.235313948815,20610.93881168538,19666.85779484137,34780.800795934716,8071.977429157697
2060-04-01,126067.97307474664,36315.40054798959,18714.453645251673,20611.33424277893,19667.319979932257,34781.38354386662,8072.1816184707195
2060-05-01,126069.0667822707,36315.479406779996,18714.852509981167,20611.894375701373,19667.98975680685,34782.34562403205,8072.578651864159
2060-06-01,126070.84307188216,36315.53712869752,18715.34723426471,20612.506708691097,19668.6505939529,34783.43304717975,8073.053855540002
2060-07-01,126072.97601128554,36315.63621613878,18715.714346333152,20612.952435011397,19669.032450849758,34784.22850439904,8073.390606462532
2060-08-01,126074.38087628302,36315.753725076895,18715.750057205198,20613.028770575216,19668.985950361843,34784.40211903746,8073.424279071108
2060-09-01,126074.0630495015,36315.78732871699,18715.435928937197,20612.694254766688,19668.574291647317,34783.92758835886,8073.165262053589
2060-10-01,126072.03768620847,36315.659467560865,18714.954549030223,20612.105842715056,19668.008293339655,34783.07579444329,8072.777791588024
2060-11-01,126069.39716122585,36315.40933262474,18714.541145072388,20611.511419064645,19667.4926543408,34782.20229586514,8072.441035472293
2060-12-01,126067.44790574865,36315.174180506896,18714.313758672033,20611.0927992661,19667.120782500613,34781.52797825642,8072.2274157653965
2061-01-01,126066.75339782436,36315.078282072696,18714.236106547047,20610.89386785169,19666.89448546766,34781.09560201995,8072.103569362834
2061-02-01,126066.95402442222,36315.13833678866,18714.225308577632,20610.875849051365,19666.817688815616,34780.894038265615,8072.029559884971
2061-03-01,126067.41161359014,36315.269649952534,18714.273275955697,20611.01468850775,19666.944691995825,34780.97771697175,8072.0376924538505
2061-04-01,126067.93860814883,36315.37679036382,18714.4513606533,20611.32722950006,19667.32232369449,34781.43601178954,8072.204178327658
2061-05-01,126068.87502443074,36315.43706820399,18714.800578460392,20611.804748420625,19667.889778420045,34782.245356739615,8072.5451803036885
2061-06-01,126070.49180010897,36315.49870799562,18715.23141764622,20612.33872101205,19668.454998862624,34783.17377464936,8072.951219747351
2061-07-01,126072.39693963304,36315.60237727088,18715.54819718537,20612.734882327408,19668.792193169596,34783.864278453046,8073.238338229978
2061-08-01,126073.62422001574,36315.71348626593,18715.58767499041,20612.823132433958,19668.782793300885,34784.04833810513,8073.2775872120565
2061-09-01,126073.38539595631,36315.74183881903,18715.34554720772,20612.57320338105,19668.47914612329,34783.709749497095,8073.08481077427
2061-10-01,126071.76645926083,36315.6309944926,18714.97266062755,20612.113581085683,19668.043581587124,34783.06140856852,8072.7908272009245
2061-11-01,126069.68096699167,36315.423481604426,18714.648091613,20611.637292236763,19667.627268969576,34782.36997773301,8072.527795574709
2061-12-01,126068.13222956484,36315.23378138388,18714.45253422069,20611.280727005807,19667.297860200913,34781.795480316985,8072.342582090601
2062-01-01,126067.50013281778,36315.156398950145,18714.355087849333,20611.07875486329,19667.065688346534,34781.376719658,8072.210150840495
2062-02-01,126067.48555488535,36315.19726105567,18714.305165631977,20611.01513674131,19666.956131810017,34781.13406524916,8072.1144147721625
2062-03-01,126067.65731906772,36315.28773918064,18714.31839796788,20611.092361356965,19667.03311092151,34781.146549652374,8072.099778143748
2062-04-01,126067.979173436,36315.35983790859,18714.463128303738,20611.33758885729,19667.339096292246,34781.50358559534,8072.234540020931
2062-05-01,126068.7785598166,36315.40636510992,18714.765148508966,20611.74114621358,19667.815232240748,34782.17831743318,8072.52400778218
2062-06-01,126070.22444484578,36315.468944599095,18715.13576325182,20612.201711275025,19668.29441920126,34782.963595029294,8072.8672150728435
2062-07-01,126071.89842254671,36315.57137309965,18715.406659705677,20612.549706661837,19668.58986467015,34783.558071684645,8073.110251211265
2062-08-01,126072.95893211811,36315.6732118974,18715.448622177028,20612.643930537994,19668.607721263732,34783.744899228375,8073.153165849675
2062-09-01,126072.79011378769,36315.69699660188,18715.266106485087,20612.462269005675,19668.389887323534,34783.51372198232,8073.013780341338
2062-10-01,126071.51630736594,36315.60275306478,18714.981278845706,20612.107892559507,19668.058967810815,34783.02827858931,8072.794258338113
2062-11-01,126069.88706736415,36315.43269280922,18714.728011044488,20611.72876086044,19667.72434395311,34782.48464829706,8072.589945972568
2062-12-01,126068.66134248607,36315.28084656657,18714.559752984293,20611.426051434817,19667.43472144277,34781.997113920246,8072.4296332054855
2063-01-01,126068.08661067049,36315.21816299153,18714.45180798907,20611.22852392596,19667.2068467465,34781.6021267131,8072.295841543191
2063-02-01,126067.92286963025,36315.2436883765,18714.37771072257,20611.136393914643,19667.079647549614,34781.341029269686,8072.189349998376
2063-03-01,126067.89733812795,36315.30288169821,18714.367779816814,20611.16953447083,19667.12021142967,34781.30551524076,8072.1603625050575
2063-04-01,126068.07394638326,36315.349125295834,18714.48477316218,20611.36028943736,19667.365839571947,34781.58053715945,8072.268482538095
2063-05-01,126068.75335369745,36315.38551391059,18714.742957224888,20611.69844602455,19667.76165537117,34782.13800540913,8072.511464963597
2063-06-01,126070.02653323268,36315.44675812585,18715.058218091537,20612.09176419627,19668.16463926989,34782.796450088324,8072.7987044485035
2063-07-01,126071.47692042959,36315.54407674268,18715.28807540537,20612.394405149153,19668.421755088217,34783.30459159231,8073.0031747196945
2063-08-01,126072.38544387792,36315.63532582478,18715.33140812766,20612.490280651913,19668.458889461952,34783.4885806968,8073.048159317633
2063-09-01,126072.27721646974,36315.65534883716,18715.197493000083,20612.363030121815,19668.30836272907,34783.34097210356,8072.951184316002
2063-10-01,126071.29198170683,36315.57668051435,18714.983306615803,20612.09378807373,19668.060649278646,34782.984603016885,8072.790361236417
2063-11-01,126070.03382502848,36315.438970648276,18714.78689982985,20611.7940371643,19667.792924607013,34782.5602908767,8072.632622673351
2063-12-01,126069.06744312789,36315.31839101651,18714.64220707954,20611.537965743664,19667.54013719247,34782.148323238755,8072.49425228613
2064-01-01,126068.54640959813,36315.267406772226,18714.530684398665,20611.35009786383,19667.323481400417,34781.78349310627,8072.3642637404355
2064-02-01,126068.28500516538,36315.28094987552,18714.44335845776,20611.242121162006,19667.18942039821,34781.51994861965,8072.254827455452
2064-03-01,126068.12924015598,36315.31661130629,18714.41869274131,20611.244510566183,19667.203909372198,34781.4536488773,8072.217564718595
2064-04-01,126068.20514667241,36315.3441517015,18714.51256360356,20611.39133888239,19667.3990049123,34781.66253668227,8072.303387472766
2064-05-01,126068.77911373359,36315.37301268651,18714.730795515345,20611.672267564813,19667.725045878164,34782.118885326374,8072.505137868476
2064-06-01,126069.88457700644,36315.431230339505,18714.996193288334,20612.00505145241,19668.061380002215,34782.666397169654,8072.743336765442
2064-07-01,126071.12588752653,36315.52104177516,18715.1898924533,20612.2659522607,19668.283773968833,34783.09794243889,8072.914472327277
2064-08-01,126071.89879051442,36315.601384166126,18715.23361306299,20612.36036502084,19668.333791090805,34783.27504229982,8072.960200773429
2064-09-01,126071.84154966177,36315.618382504574,18715.138685553997,20612.275841249968,19668.23527862414,34783.191245481954,8072.896385024545
2064-10-01,126071.09399879244,36315.553858285995,18714.980504125906,20612.07472789923,19668.053079405232,34782.935979854024,8072.7813352476805
2064-11-01,126070.13455268425,36315.44366117828,18714.82916949973,20611.839413735815,19667.839910497394,34782.60742164802,8072.660384026289
2064-12-01,126069.37547201029,36315.348676925074,18714.70491425614,20611.623612673568,19667.62084726327,34782.26087515084,8072.541398742973
2065-01-01,126068.90508481555,36315.306997236185,18714.594799137856,20611.44877951133,19667.419787222603,34781.92963509461,8072.4187211903845
2065-02-01,126068.58541861034,36315.31139370856,18714.502079738842,20611.33411586935,19667.28629996772,34781.67448705208,8072.311702760445
2065-03-01,126068.34939150541,36315.32972346168,18714.468731948982,20611.315780099376,19667.282521199602,34781.589960918165,8072.270456419913
2065-04-01,126068.35727810922,36315.3440237655,18714.543315823084,20611.427320824434,19667.43559512266,34781.74577414263,8072.337701607286
2065-05-01,126068.83847606718,36315.36719323341,18714.725730570095,20611.6586424249,19667.70168496925,34782.115731894606,8072.503414617173
2065-06-01,126069.78590169923,36315.42119651751,18714.946969101286,20611.937722268183,19667.98034484183,34782.567297546295,8072.699236501237
2065-07-01,126070.8366589371,36315.50219541479,18715.109207652047,20612.160884089815,19668.17162383285,34782.9316065273,8072.841831912549
2065-08-01,126071.49041177573,36315.57193593862,18715.152467476797,20612.251637187594,19668.22947543917,34783.09897734649,8072.887211551285
2065-09-01,126071.47476911437,36315.58650983876,18715.08829229425,20612.200086722867,19668.170469210854,34783.06280798896,8072.848860015183
2065-10-01,126070.92015473422,36315.53448628548,18714.97398964362,20612.052884111854,19668.039313590845,34782.88574212523,8072.769081213468
2065-11-01,126070.1987366933,36315.44735871058,18714.858186254896,20611.869547248378,19667.870457729994,34782.63355769677,8072.677058213165
2065-12-01,126069.60466170943,36315.37313143136,18714.751718662854,20611.688405856585,19667.681955882057,34782.34341315018,8072.5751993437625
2066-01-01,126069.18212539286,36315.33883851742,18714.646462007437,20611.52854976653,19667.49893449311,34782.04698863617,8072.46203315937
2066-02-01,126068.83374704562,36315.33644607017,18714.55380448106,20611.413638578546,19667.37093549151,34781.80718766821,8072.360923399103
2066-03-01,126068.5539978878,36315.34233609262,18714.516052841,20611.382031190453,19667.354754427895,34781.713439350904,8072.31863966305
2066-04-01,126068.51753387571,36315.347498236246,18714.574578541145,20611.465354977783,19667.473147930395,34781.826908424235,8072.370490104812
2066-05-01,126068.91727982485,36315.366252439126,18714.72536404191,20611.654061892743,19667.688248883736,34782.12372531279,8072.5051174029195
2066-06-01,126069.7193774652,36315.41529425644,18714.908075804622,20611.88610282531,19667.9174766808,34782.49314532187,8072.664755893543
2066-07-01,126070.5999937767,36315.48697247312,18715.043234664718,20612.075634009896,19668.081132779207,34782.79896764725,8072.783097677351
2066-08-01,126071.15031691351,36315.54678639697,18715.085327435267,20612.16124032957,19668.1429116885,34782.95474167527,8072.82724390426
2066-09-01,126071.16749195773,36315.55940213205,18715.04497747656,20612.1346245855,19668.11330220668,34782.95312962196,8072.808036260745
2066-10-01,126070.76726124153,36315.518183003085,18714.964640144266,20612.02958643363,19668.021471318534,34782.835715699504,8072.755071202979
2066-11-01,126070.23361151648,36315.45015166858,18714.876707146934,20611.887924487593,19667.888479568464,34782.644075878976,8072.68568532679
2066-12-01,126069.77038016327,36315.392601964224,18714.785760498453,20611.736516596542,19667.72741520129,34782.40235599731,8072.598927446602
2067-01-01,126069.39299668762,36315.364174863695,18714.68761980167,20611.59250485497,19667.56345132555,34782.140394725044,8072.496464797165
2067-02-01,126069.03754766712,36315.35693475542,18714.59868012355,20611.4817121957,19667.44399572681,34781.92002084411,8072.403350688752
2067-03-01,126068.74018336175,36315.35419631947,18714.55948730152,20611.442305398934,19667.41979736812,34781.82337999338,8072.361977187302
2067-04-01,126068.67629280454,36315.35325506357,18714.604700533822,20611.503199396837,19667.50981258781,34781.9033250006,8072.4011531854485
2067-05-01,126069.00489136548,36315.36849131906,18714.727947015916,20611.6556285413,19667.68196860357,34782.13878892821,8072.5092867479
2067-06-01,126069.67608046414,36315.41220231647,18714.877494724486,20611.846946773476,19667.8692047293,34782.43855004155,8072.638353715653
2067-07-01,126070.40735169883,36315.474618552995,18714.989561451574,20612.006875000425,19668.00854338469,34782.69390955276,8072.736206458585
2067-08-01,126070.86875378701,36315.525387555186,18715.029924582992,20612.086400523127,19668.07129872586,34782.8370057875,8072.778425189914
2067-09-01,126070.91085007017,36315.536406584724,18715.007670597173,20612.078188644744,19668.063021310452,34782.859565682884,8072.773238962521
2067-10-01,126070.63237123853,36315.50435619481,18714.953291050835,20612.005724963292,19668.001122229565,34782.78695776434,8072.740341510214
2067-11-01,126070.24532396178,36315.45194718968,18714.88711698867,20611.897284548613,19667.897061729305,34782.64302560543,8072.688575817911
2067-12-01,126069.88551000257,36315.40768126499,18714.80973213297,20611.771303029265,19667.76041809928,34782.4427171149,8072.615088468818
2068-01-01,126069.55059725072,36315.38393407756,18714.72004880804,20611.643222359,19667.615516119877,34782.21379136601,8072.523767555389
2068-02-01,126069.20343220458,36315.37343021213,18714.637135456007,20611.539356658886,19667.506313590646,34782.014854590976,8072.439709699436
2068-03-01,126068.90654256624,36315.364993241994,18714.598493399713,20611.496106363094,19667.477353368104,34781.9196600609,8072.400468304162
2068-04-01,126068.82715821205,36315.36016398664,18714.632741307756,20611.539305799775,19667.5443687403,34781.973329696135,8072.42929213106
2068-05-01,126069.09408128512,36315.37253539366,18714.73232704551,20611.661136478095,19667.68069991365,34782.15782050407,8072.51510031479
2068-06-01,126069.64944541748,36315.41085362186,18714.8536711302,20611.81758095916,19667.83256564894,34782.3990544616,8072.618582484587
2068-07-01,126070.2515149307,36315.46445085951,18714.946202475097,20611.95172780029,19667.950658294252,34782.61119879467,8072.699211180288
2068-08-01,126070.63707010716,36315.50715316742,18714.98440864433,20612.02466577348,19668.012227516232,34782.74116221553,8072.73898438787
2068-09-01,126070.69721258694,36315.51686130538,18714.975583756728,20612.029630739475,19668.018937716308,34782.779784384664,8072.743728156998
2068-10-01,126070.51328276197,36315.49247179975,18714.94076278906,20611.981999219577,19667.979517486223,34782.74023730772,8072.725572955559
2068-11-01,126070.23945812596,36315.45270327901,18714.891496016186,20611.899890202407,19667.898721398014,34782.63367022157,8072.687444905465
2068-12-01,126069.9611579908,36315.418934558395,18714.825960256905,20611.795582343835,19667.7836354787,34782.46863872176,8072.62557074829
2069-01-01,126069.66599594377,36315.39895819893,18714.74538149347,20611.682970182228,19667.657103873476,34782.27062699877,8072.545286788561
2069-02-01,126069.33751392455,36315.38646520045,18714.669805017165,20611.5876837377,19667.55890775397,34782.09367671357,8072.470618837255
2069-03-01,126069.05309829026,36315.374545882725,18714.63299322513,20611.543390111194,19667.527575295586,34782.00279452936,8072.434216366789
2069-04-01,126068.96648906541,36315.36742277898,18714.65828262483,20611.57276280369,19667.576147549284,34782.036132601046,8072.454667293212
2069-05-01,126069.18043925462,36315.377427502906,18714.737792730848,20611.669028259974,19667.682876568564,34782.178693932816,8072.521868841606
2069-06-01,126069.63492724986,36315.41052303174,18714.835412807402,20611.795909379794,19667.805188376522,34782.37119045783,8072.604129675332
2069-07-01,126070.12661369065,36315.455983852036,18714.911527012504,20611.9078099895,19667.904842559168,34782.54657914203,8072.67034096864
2069-08-01,126070.44788696473,36315.49161795574,18714.94726972807,20611.97397645499,19667.963700706325,34782.663435073,8072.707311155424
2069-09-01,126070.52024583405,36315.50024473199,18714.94812564544,20611.98799759715,19667.9804802268,34782.71190151,8072.718769624647
2069-10-01,126070.40848629663,36315.482166509755,18714.927799093544,20611.95901192791,19667.957681621447,34782.69622767835,8072.711201219368
2069-11-01,126070.22106686044,36315.45251609862,18714.891601979274,20611.897649056544,19667.895528988105,34782.618737962875,8072.683565745229
2069-12-01,126070.00685837223,36315.42698267514,18714.836401772358,20611.81175299916,19667.79932092539,34782.48363644385,8072.631806771156
2070-01-01,126069.74865449828,36315.41008717382,18714.765058522782,20611.7137742583,19667.690014567022,34782.31400463295,8072.562081921229
2070-02-01,126069.44539214276,36315.39660843719,18714.697402974434,20611.627872501726,19667.602912393362,34782.15858553909,8072.496642567977
2070-03-01,126069.180888142,36315.38284790526,18714.663183336626,20611.584458426787,19667.570930751353,34782.07379686509,8072.46342928236
2070-04-01,126069.09265182808,36315.374556939285,18714.68122399421,20611.603152046697,19667.604887499598,34782.09165248208,8072.477189271139
2070-05-01,126069.26156474258,36315.3825915973,18714.743900526613,20611.678261568715,19667.687387564332,34782.20007601418,8072.529052828997
2070-06-01,126069.62941868868,36315.41079331844,18714.82176139828,20611.780317056313,19667.785193337455,34782.35233414369,8072.593861779828
2070-07-01,126070.02782630312,36315.44892802544,18714.88415326935,20611.8731748773,19667.86893824853,34782.49665374655,8072.648052177723
2070-08-01,126070.29489525073,36315.478459477694,18714.91723093357,20611.932622350636,19667.924066531887,34782.60077890334,8072.682003824626
2070-09-01,126070.37463771255,36315.4861882746,18714.924798848657,20611.95250105073,19667.947162694967,34782.6544147024,8072.697695525302
2070-10-01,126070.31686054051,36315.47323633981,18714.91499742856,20611.937265868597,19667.93642465907,34782.655506313444,8072.697512273672
2070-11-01,126070.19449160711,36315.45159490629,18714.88884364569,20611.892142165703,19667.889152316166,34782.6004818308,8072.6778988240985
